{
    "model": "LSTM",
    "best_architecture": "LSTM-1L-32h",
    "architecture_params": {
        "hidden_size": 32,
        "num_layers": 1
    },
    "split": {
        "train": 5978,
        "test": 1495
    },
    "metrics": {
        "best_threshold": 0.25000000000000006,
        "f1_score": 0.7787321063394683,
        "precision": 0.6376423308774279,
        "recall": 1.0,
        "accuracy": 0.6381270903010033,
        "roc_auc": 0.5797139297708034,
        "pr_auc": 0.6961124438569006
    },
    "confusion_matrix": [
        [
            2,
            541
        ],
        [
            0,
            952
        ]
    ]
}