{
    "selected_features": [
        "cos_total_variation",
        "cos_mid_mean",
        "final_entropy",
        "cos_std",
        "cos_q50",
        "cos_q10",
        "cos_autocorr_lag2",
        "cos_autocorr_lag3",
        "cos_early_mean",
        "cos_mean"
    ],
    "metrics": {
        "best_threshold": 0.30000000000000004,
        "f1_score": 0.7903296703296703,
        "precision": 0.6795162509448224,
        "recall": 0.944327731092437,
        "accuracy": 0.6809364548494983
    }
}