{
    "split": {
        "train_original": 5978,
        "train_balanced": 4344,
        "test": 1495,
        "train_balanced_failures": 2172,
        "train_balanced_successes": 2172
    },
    "metrics": {
        "best_threshold": 0.3500000000000001,
        "f1_score": 0.7795341098169717,
        "precision": 0.6453168044077136,
        "recall": 0.9842436974789915,
        "accuracy": 0.6454849498327759,
        "roc_auc": 0.6434104028351673,
        "pr_auc": 0.7475851852085941
    },
    "coefficients": {
        "intercept": 14.894604076651875,
        "final_entropy_coef": 0.6169807358362991,
        "cosine_sims_coefs": [
            -1.6689608807475789,
            -1.4065399013349666,
            -1.0476149660096379,
            -0.8518580240874768,
            2.484110538131475,
            1.3425694088690323,
            -0.434815502980301,
            -0.4772610067571718,
            0.29905153073344226,
            -2.4519871674669016,
            -2.012788715901709,
            -3.6656507543822854,
            -3.0740543557917563,
            2.0328753209541794,
            -3.235263016042671,
            -0.6354713520487947,
            -0.08845351039180155,
            -1.7438214403739338,
            -1.0038081032960744,
            -1.2413452677027954,
            -0.24034748243162526,
            0.036598860995343825,
            2.9374354266039164
        ]
    },
    "confusion_matrix": [
        [
            28,
            515
        ],
        [
            15,
            937
        ]
    ]
}