{
    "selected_features": [
        "cos_total_variation",
        "cos_mid_mean",
        "final_entropy",
        "cos_std",
        "cos_q50",
        "cos_q10",
        "cos_autocorr_lag2",
        "cos_autocorr_lag3",
        "cos_early_mean",
        "cos_mean"
    ],
    "logistic_regression": {
        "best_score": 0.6963981671904653,
        "best_params": {
            "clf__C": 0.02069138081114789
        },
        "cv_threshold_f1": {
            "cv_f1_mean": 0.7882596188966108,
            "cv_f1_std": 0.0025879303171449657,
            "cv_best_threshold_mean": 0.26666666666666666,
            "cv_best_threshold_std": 0.02357022603955158
        }
    },
    "xgboost": {
        "best_score": 0.7344598548158059,
        "best_params": {
            "subsample": 0.8,
            "reg_lambda": 2.0,
            "reg_alpha": 0.0,
            "n_estimators": 300,
            "min_child_weight": 1,
            "max_depth": 6,
            "learning_rate": 0.1,
            "gamma": 0.0,
            "colsample_bytree": 0.9
        },
        "cv_threshold_f1": {
            "cv_f1_mean": 0.7850810092524884,
            "cv_f1_std": 0.001058362622606296,
            "cv_best_threshold_mean": 0.18333333333333335,
            "cv_best_threshold_std": 0.023570226039551594
        }
    }
}