{
    "metrics": {
        "best_threshold": 0.3500000000000001,
        "f1_score": 0.7919520547945206,
        "precision": 0.6630824372759857,
        "recall": 0.9829968119022316,
        "accuracy": 0.6749163879598662
    },
    "feature_importances": {
        "final_entropy_importance": 0.04660256591886089,
        "cosine_sims_importances": [
            0.0581254030558441,
            0.04655187375736866,
            0.03593277298244215,
            0.03980400582541645,
            0.05908019558676721,
            0.04276148259034294,
            0.03550328203034944,
            0.03480243706586785,
            0.03430649928128324,
            0.054131728231606474,
            0.036470401560650914,
            0.04513521676101174,
            0.04260394037736041,
            0.05275522539690053,
            0.04189394674037612,
            0.03778742949712801,
            0.034677160119024074,
            0.04595190799453402,
            0.03538727500323691,
            0.03782936139734419,
            0.033487749409058416,
            0.033352434788013356,
            0.035065704629211936
        ]
    }
}