{
    "metrics": {
        "best_threshold": 0.25000000000000006,
        "f1_score": 0.800718132854578,
        "precision": 0.6930846930846931,
        "recall": 0.9479277364505845,
        "accuracy": 0.703010033444816
    },
    "feature_importances": {
        "final_entropy_importance": 0.04485353082418442,
        "cosine_sims_importance": [
            0.0642249584197998,
            0.041474997997283936,
            0.03172294795513153,
            0.041849710047245026,
            0.09564171731472015,
            0.03269914910197258,
            0.030772533267736435,
            0.03422258794307709,
            0.036923978477716446,
            0.054818425327539444,
            0.033547066152095795,
            0.04428592324256897,
            0.03840118646621704,
            0.058962225914001465,
            0.04513074830174446,
            0.035129647701978683,
            0.030557261779904366,
            0.046655893325805664,
            0.03098119981586933,
            0.03645665943622589,
            0.029462695121765137,
            0.028333786875009537,
            0.0328911691904068
        ]
    }
}