{
    "metrics": {
        "best_threshold": 0.40000000000000013,
        "f1_score": 0.7770925110132159,
        "precision": 0.6636568848758465,
        "recall": 0.9373007438894793,
        "accuracy": 0.6615384615384615
    },
    "coefficients": {
        "intercept": 15.591811445466357,
        "final_entropy_coef": 0.5960158588212595,
        "cosine_sims_coefs": [
            -2.2441924124069947,
            -1.787601965050721,
            -1.1568256384231883,
            -1.1499664646845837,
            3.336834751908385,
            1.8324787747025417,
            -0.5737024445396194,
            -0.510996041886768,
            0.5926960027131364,
            -3.1523120091376255,
            -1.749885726056403,
            -4.208552447316331,
            -3.4423288168291624,
            2.5711500076411076,
            -3.5993697372715223,
            -0.2704187549761406,
            0.25295533820743865,
            -2.2670912343146097,
            -1.1472963210941676,
            -1.0294147791949502,
            -0.5105709015047614,
            0.3529822770594834,
            3.0905199396436753
        ]
    }
}